<core:FragmentDefinition
   xmlns="sap.m"
   xmlns:core="sap.ui.core" 	xmlns:l="sap.ui.layout"
	xmlns:f="sap.ui.layout.form" xmlns:upload="sap.m.upload">>
   <Dialog
      id="helloDialog"
      title ="Create New Request" contentWidth="28%">
		<f:SimpleForm id="SimpleFormChange354"
			editable="true"
			layout="ResponsiveGridLayout"
			labelSpanXL="3"
			labelSpanL="3"
			labelSpanM="3"
			labelSpanS="12"
			adjustLabelSpan="false"
			emptySpanXL="4"
			emptySpanL="4"
			emptySpanM="4"
			emptySpanS="0"
			columnsXL="1"
			columnsL="1"
			columnsM="1"
			singleContainerFullSize="false">
			<f:content>
				<Label text="Travel Preferences"/>
					<RadioButtonGroup id="rbg1" columns="3" width="100%" class="sapUiMediumMarginBottom" select="onSelectTravel">
			<RadioButton id="AirLine" text="AirLine"/>
			<RadioButton id="Car" text="Car"/>
			<RadioButton id="Train" text="Train"/>
		</RadioButtonGroup>
		<VBox id="airid">
		<Label text="Airlines"/>
				<RadioButtonGroup id="airlines" columns="3" width="100%" class="sapUiMediumMarginBottom">
			<RadioButton id="Domestic" text="Domestic"/>
			<RadioButton id="International" text="International"/>
		</RadioButtonGroup>
		</VBox>
				

				<Label text="Purpose of travel" required="true"/>
						<TextArea rows="5" id="purposetravel"/>
						<Label text="Departure City" required="true"/>
						<Input valueHelpRequest="onDeparture" showValueHelp="true" id="departure" valueHelpOnly="true"/>
						<Label text="Destination City" required="true"/>
						<Input valueHelpRequest="onDestination" showValueHelp="true" id="destination" valueHelpOnly="true"/>
						<Label text="Trip Type"/>
					<RadioButtonGroup  columns="3" width="100%" class="sapUiMediumMarginBottom" id="triptype" select="onRadioTrip">
			<RadioButton id="OneWay" text="One way"/>
			<RadioButton id="Roundtrip" text="Round trip"/>
		</RadioButtonGroup>
			<Label text="Departure Date" required="true"/>
				<DatePicker
					id="DP1"
					placeholder="Enter Date"
					change="handleChange"
					class="sapUiSmallMarginBottom" displayFormat="yyyy-MM-dd"/>
					<Label text="Return Date"/>
				<DatePicker id="DP2"
					placeholder="Enter Date"
					change="onDateReturn"
					class="sapUiSmallMarginBottom" displayFormat="yyyy-MM-dd"/>

<Label text="Do you want accomodation?" />
					<RadioButtonGroup id="accom" columns="3" width="100%" class="sapUiMediumMarginBottom" select="onSelectAccom">
			<RadioButton id="Yes" text="Yes"/>
			<RadioButton id="No" text="No"/>
		</RadioButtonGroup>
		<Label text="If yes, any Preference?"/>
		<TextArea rows="3" id="anyprefrence"/>
		<Label text="Attachment"/>
	<upload:UploadSet id="idUploadSet"  uploadCompleted="onPressUpload"/>
<Label text="Additional Information"/>
		<TextArea rows="4" id="additional"/>
			</f:content>
		</f:SimpleForm>
		 <beginButton>
            <Button text="Submit" press="onSubmit" />
        </beginButton>
        <endButton>
            <Button text="Cancel" press="onCancelPress" />
        </endButton>
   </Dialog>
</core:FragmentDefinition>