<core:FragmentDefinition
   xmlns="sap.m"
   xmlns:core="sap.ui.core" 	xmlns:l="sap.ui.layout"
	xmlns:f="sap.ui.layout.form" xmlns:upload="sap.m.upload">>
   <Dialog
      id="CreatedReq"
      title ="Create New Request" contentWidth="30%" contentHeight="30%">
		<f:SimpleForm 
			editable="true"
			layout="ResponsiveGridLayout"
			labelSpanXL="3"
			labelSpanL="3"
			labelSpanM="3"
			labelSpanS="12"
			adjustLabelSpan="false"
			emptySpanXL="4"
			emptySpanL="4"
			emptySpanM="4"
			emptySpanS="0"
			columnsXL="1"
			columnsL="1"
			columnsM="1"
			singleContainerFullSize="false">
			<f:content>
				<Label text="Travel Preferences"/>

 <RadioButtonGroup id="radioGroup" columns="3" editable="false">
                                                    <buttons>
                                                        <RadioButton
                                                            text="AirLine"
                                                        />
                                                        <RadioButton
                                                            text="Car"
                                                        />
														 <RadioButton
                                                            text="Train"
                                                        />
                                                    </buttons>
                                                </RadioButtonGroup>

					<!-- <RadioButtonGroup columns="3" width="100%" class="sapUiMediumMarginBottom" id="travel1">
			<RadioButton  text="AirLine" selected="{= ${global>/aCreatedRequest/0/travelpreference} === 'AirLine' ? true : false}"/>
			<RadioButton  text="Car" selected="{= ${global>/aCreatedRequest/0/travelpreference} === 'Car' ? true : false}"/>
			<RadioButton  text="Train" selected="{= ${global>/aCreatedRequest/0/travelpreference} === 'Train' ? true : false}"/>
		</RadioButtonGroup> -->
		<VBox id="vboxairlines">
		<Label text="Airlines"/>
				<RadioButtonGroup columns="2" width="100%" class="sapUiMediumMarginBottom" id="airlinesradio" editable="false">
			<RadioButton id="Domestic1" text="Domestic"/>
			<RadioButton id="International1" text="International"/>
		</RadioButtonGroup>
		</VBox>
				<Label text="Purpose of travel"/>
						<TextArea rows="5" id="purposetravel1" editable="false"/>
						<Label text="Departure City"/>
						<Input valueHelpRequest="onDeparture" id="departure1" editable="false"/>
						<Label text="Destination City"/>
						<Input valueHelpRequest="onDestination" id="destination1" editable="false"/>
						<Label text="Trip Type"/>
					<RadioButtonGroup  columns="3" width="100%" class="sapUiMediumMarginBottom" id="triptype1" editable="false">
			<RadioButton id="OneWay1" text="One way"/>
			<RadioButton id="Roundtrip1" text="Round trip"/>
		</RadioButtonGroup>
			<Label text="Departure Date"/>
				<DatePicker
					id="DP4"
					placeholder="Enter Date"
					change="handleChange"
					class="sapUiSmallMarginBottom" displayFormat="yyyy-MM-dd" enabled="false"/>
					<Label text="Return Date"/>
				<DatePicker id="DP3"
					placeholder="Enter Date"
					change="handleChange"
					class="sapUiSmallMarginBottom" displayFormat="yyyy-MM-dd" enabled="false"/>

<Label text="Do you want accomodation?" />
					<RadioButtonGroup columns="3" width="100%" class="sapUiMediumMarginBottom" id="accomoda1" editable="false">
			<RadioButton id="Yes1" text="Yes"/>
			<RadioButton id="No1" text="No"/>
		</RadioButtonGroup>
		

		<Label text="If yes, any Preference?" id="prefernceid"/>
		<TextArea id="anyprefrence1" rows="3" editable="false"/>
	
		<!-- <Label text="Attachment"/>
		<upload:UploadSet id="idUploadSet"/> -->
<Label text="Additional Information"/>
		<TextArea rows="4" id="additional1" editable="false"/>
			</f:content>
		</f:SimpleForm>
		 <beginButton>
            <Button text="Update" press="onSubmit1" enabled="false" id="createdupdate"/>
        </beginButton>
        <endButton>
            <Button text="Cancel" press="onCancelPress1" />
        </endButton>
   </Dialog>
</core:FragmentDefinition>