<core:FragmentDefinition xmlns="sap.m" xmlns:core="sap.ui.core">
    <Dialog id="valueHelpDialog" title="Departure City" afterClose="onValueHelpDialogClose" contentWidth="35%" contentHeight="35%">
        <content>
            <Table id="valueHelpTable" items="{global>/aDeparture}">
                <columns>
                    <Column>
                        <Text text="City Name" />
                    </Column>
                </columns>
                <items>
                    <ColumnListItem type="Active" press="onItemPress">
                        <cells>
                            <Text text="{global>cityname}" />
                        </cells>
                    </ColumnListItem>
                </items>
            </Table>
        </content>
        <beginButton>
            <Button text="Close" press="onValueHelpDialogClose" />
        </beginButton>
    </Dialog>
</core:FragmentDefinition>
