<core:FragmentDefinition xmlns="sap.m" xmlns:core="sap.ui.core">
    <Dialog id="valueHelpDialog1" title="Destination City" afterClose="onValueHelpDialogDest" contentWidth="35%" contentHeight="35%">
        <content>
            <Table id="valueHelpTable1" items="{global>/aDeparture}">
                <columns>
                    <Column>
                        <Text text="City Name" />
                    </Column>
                </columns>
                <items>
                    <ColumnListItem type="Active" press="onItemPressDest">
                        <cells>
                            <Text text="{global>cityname}" />
                        </cells>
                    </ColumnListItem>
                </items>
            </Table>
        </content>
        <beginButton>
            <Button text="Close" press="onValueHelpDialogDest" />
        </beginButton>
    </Dialog>
</core:FragmentDefinition>
