{
  "ext/detail/Detail.controller.js.map": 1729062692408,
  "ext/main/Main.controller.js": 1729059470287,
  "ext/detail/Detail.controller.js": 1729059468271,
  "manifest.json": 1729062692148,
  "Component.js": 1729059465187,
  "ext/main/Main-dbg.controller.js": 1729059470287,
  "ext/main/Main.controller.js.map": 1729062692417,
  "ext/detail/Detail-dbg.controller.js": 1729059468271,
  "i18n/i18n.properties": 1729060148052,
  "Component-dbg.js": 1729059465187,
  "Component.js.map": 1729062692394,
  "Component-preload.js": 1729062692633,
  "Component-preload.js.map": 1729062692634,
  "ext/main/Main.view.xml": 1729059470287,
  "ext/detail/Detail.view.xml": 1729059468271,
  "index.html": 1729059465187
}