{
  "model/models-dbg.js": 1729059280642,
  "manifest.json": 1729060599472,
  "controller/View1.controller.js": 1729059272738,
  "controller/App.controller.js": 1729059272738,
  "model/models.js": 1729059280642,
  "Component.js": 1729059270774,
  "Component-dbg.js": 1729059270774,
  "Component.js.map": 1729060599625,
  "controller/App-dbg.controller.js": 1729059272738,
  "controller/App.controller.js.map": 1729060599617,
  "i18n/i18n.properties": 1729059988451,
  "model/models.js.map": 1729060599635,
  "controller/View1-dbg.controller.js": 1729059272738,
  "controller/View1.controller.js.map": 1729060599712,
  "Component-preload.js": 1729060599861,
  "Component-preload.js.map": 1729060599861,
  "view/View1.view.xml": 1729059284558,
  "view/App.view.xml": 1729059284558,
  "css/style.css": 1729059274686,
  "fragments/DestinationCity.fragment.xml": 1729059276638,
  "fragments/DepartureCity.fragment.xml": 1729059276638,
  "fragments/Createnew.fragment.xml": 1729059276638,
  "fragments/CreatedReq.fragment.xml": 1729059276638,
  "index.html": 1729059270774
}